[
  {
    "nombre": "Kingler",
    "idCliente": 303,
    "dni": "69732126",
    "edad": 21,
    "local": "El Cairo"
  },
  {
    "nombre": "Machamp",
    "idCliente": 300,
    "dni": "22910806",
    "edad": 20,
    "local": "Ciudad de México"
  },
  {
    "nombre": "Arbok",
    "idCliente": 304,
    "dni": "81340019",
    "edad": 85,
    "local": "Bangkok"
  },
  {
    "nombre": "Dratini",
    "idCliente": 302,
    "dni": "77491497",
    "edad": 95,
    "local": "Estambul"
  },
  {
    "nombre": "Kadabra",
    "idCliente": 305,
    "dni": "60835352",
    "edad": 48,
    "local": "Pekín"
  },
  {
    "nombre": "Poliwrath",
    "idCliente": 301,
    "dni": "66730064",
    "edad": 83,
    "local": "Buenos Aires"
  }
]